layer,type,input_shape,output_shape,kernel,in_channels,out_channels,stride,padding,groups,activation,parameters,trainable_parameters,conv_linear_macs
features.0.0,Conv2d,"[1, 3, 64, 64]","[1, 24, 64, 64]","(3, 3)",3,24,"(1, 1)","(1, 1)",1,-,648,648,2654208
features.0.1,BatchNorm2d,"[1, 24, 64, 64]","[1, 24, 64, 64]",-,-,-,-,-,-,-,48,48,0
features.0.2,ReLU,"[1, 24, 64, 64]","[1, 24, 64, 64]",-,-,-,-,-,-,ReLU,0,0,0
features.0.3,MaxPool2d,"[1, 24, 64, 64]","[1, 24, 32, 32]",2,-,-,2,0,-,-,0,0,0
features.1.0,Conv2d,"[1, 24, 32, 32]","[1, 48, 32, 32]","(3, 3)",24,48,"(1, 1)","(1, 1)",1,-,10368,10368,10616832
features.1.1,BatchNorm2d,"[1, 48, 32, 32]","[1, 48, 32, 32]",-,-,-,-,-,-,-,96,96,0
features.1.2,ReLU,"[1, 48, 32, 32]","[1, 48, 32, 32]",-,-,-,-,-,-,ReLU,0,0,0
features.1.3,MaxPool2d,"[1, 48, 32, 32]","[1, 48, 16, 16]",2,-,-,2,0,-,-,0,0,0
features.2.0,Conv2d,"[1, 48, 16, 16]","[1, 96, 16, 16]","(3, 3)",48,96,"(1, 1)","(1, 1)",1,-,41472,41472,10616832
features.2.1,BatchNorm2d,"[1, 96, 16, 16]","[1, 96, 16, 16]",-,-,-,-,-,-,-,192,192,0
features.2.2,ReLU,"[1, 96, 16, 16]","[1, 96, 16, 16]",-,-,-,-,-,-,ReLU,0,0,0
features.2.3,MaxPool2d,"[1, 96, 16, 16]","[1, 96, 8, 8]",2,-,-,2,0,-,-,0,0,0
features.3.0,Conv2d,"[1, 96, 8, 8]","[1, 128, 8, 8]","(3, 3)",96,128,"(1, 1)","(1, 1)",1,-,110592,110592,7077888
features.3.1,BatchNorm2d,"[1, 128, 8, 8]","[1, 128, 8, 8]",-,-,-,-,-,-,-,256,256,0
features.3.2,ReLU,"[1, 128, 8, 8]","[1, 128, 8, 8]",-,-,-,-,-,-,ReLU,0,0,0
features.3.3,MaxPool2d,"[1, 128, 8, 8]","[1, 128, 4, 4]",2,-,-,2,0,-,-,0,0,0
pool,AdaptiveAvgPool2d,"[1, 128, 4, 4]","[1, 128, 1, 1]",-,-,-,-,-,-,-,0,0,0
flatten,Flatten,"[1, 128, 1, 1]","[1, 128]",-,-,-,-,-,-,-,0,0,0
classifier,Linear,"[1, 128]","[1, 10]",-,128,10,-,-,-,-,1290,1290,1280
