epoch,stage,optimizer,lr,momentum,train_loss,val_loss,train_accuracy,val_accuracy,epoch_seconds
1,full,adam,0.001,0.0,0.8453984383426646,0.6907231188409122,0.7175132275132275,0.7511111111111111,3.319872400024906
2,full,adam,0.001,0.0,0.5426984833661841,0.5589006803948202,0.813015873015873,0.8051851851851852,3.4274867000058293
3,full,adam,0.001,0.0,0.436090892818239,0.4339984663842637,0.8515873015873016,0.8577777777777778,3.2182501000352204
4,full,adam,0.001,0.0,0.36837173200158213,0.4227245078429028,0.8743915343915344,0.8520987654320987,3.2594250000547618
5,full,adam,0.001,0.0,0.3325594880530443,0.4257352956062482,0.8850793650793651,0.8525925925925926,3.286478399997577
6,full,adam,0.001,0.0,0.28904438079980316,0.4421180589257935,0.9013227513227513,0.8454320987654321,2.869856199948117
7,full,adam,0.001,0.0,0.26830749600652665,0.4587586491196244,0.9071957671957672,0.8520987654320987,3.2853564000688493
8,full,adam,0.001,0.0,0.24429672172460606,0.3243310859836178,0.9162433862433862,0.8920987654320988,3.263895799871534
9,full,adam,0.001,0.0,0.22286363200220483,0.2699681658730095,0.9241798941798942,0.9076543209876543,3.226087899878621
10,full,adam,0.001,0.0,0.20966965875612995,0.2524800627356694,0.9284126984126985,0.9167901234567901,3.283960900036618
11,full,adam,0.001,0.0,0.19270998218387522,1.3691929220858916,0.9328042328042329,0.7832098765432098,3.4622156000696123
12,full,adam,0.001,0.0,0.1876191435415278,0.23261167156153623,0.9343386243386244,0.9209876543209876,3.533805000130087
13,full,adam,0.001,0.0,0.16927720980669456,0.21310090676593926,0.9430687830687831,0.928395061728395,3.0269394998904318
14,full,adam,0.001,0.0,0.17157855016844614,0.2647668221408938,0.9415873015873016,0.9041975308641975,3.3619520999491215
15,full,adam,0.001,0.0,0.15705989831812167,0.25513395029085656,0.9462433862433862,0.9214814814814815,3.356825899798423
16,full,adam,0.001,0.0,0.15800578275685587,0.45570113323352957,0.9441798941798942,0.8619753086419754,3.1915442999452353
17,full,adam,0.001,0.0,0.1531390664249501,0.26852837737695673,0.946984126984127,0.9061728395061729,3.2672727999743074
18,full,adam,0.001,0.0,0.14584364097900493,0.17983783051210606,0.95005291005291,0.94,3.118211899884045
19,full,adam,0.001,0.0,0.13204423673726895,0.31038131217161813,0.9548148148148148,0.894074074074074,2.8556029999163
20,full,adam,0.001,0.0,0.13274744616614448,0.31597808484309986,0.9549735449735449,0.8911111111111111,3.0376207001972944
21,full,adam,0.001,0.0,0.12686979899015377,0.2148596510493461,0.9561904761904761,0.9276543209876543,3.569132500095293
22,full,adam,0.001,0.0,0.11563331191344237,0.28607667974391837,0.9604761904761905,0.9111111111111111,3.4074146000202745
23,full,adam,0.001,0.0,0.1122452296844866,0.5125967168610222,0.962010582010582,0.8740740740740741,3.3267048001289368
24,full,adam,0.001,0.0,0.12060141818864005,0.21854616779972005,0.9587301587301588,0.9298765432098766,3.1576980999670923
25,full,adam,0.001,0.0,0.11206767300291667,0.2520451487692786,0.9613227513227514,0.9180246913580247,3.041631800122559
